{"cameraMode":{"drawMode":0,"name":"Shaded","section":"Shading Mode"},"sceneLighting":false,"audioPlay":false,"sceneViewState":{"showFog":false,"showMaterialUpdate":false,"showSkybox":false,"showFlares":false,"showImageEffects":false,"showParticleSystems":false},"in2DMode":false,"pivot":{"x":-1.0034489631652833,"y":0.8402960300445557,"z":0.17483234405517579},"rotation":{"x":-0.06731713563203812,"y":0.9326366782188416,"z":-0.25541549921035769,"w":-0.24580518901348115},"size":6.382737159729004,"orthographic":false}